Sentiment,Text
Negative,Worst experience ever.
Positive,Highly recommended.
Neutral,Standard experience.
Positive,Very satisfied with the purchase.
Negative,Regret buying this.
Positive,I love this product!
Neutral,Does the job.
Negative,Very bad quality.
Neutral,Average quality.
Negative,Terrible performance.
Neutral,Just fine for everyday use.
Negative,Very bad quality.
Positive,Great value for money!
Negative,Regret buying this.
Positive,Totally worth it!
Negative,I hate this product.
Positive,Happy with the experience.
Positive,Totally worth it!
Positive,Very satisfied with the purchase.
Negative,Very bad quality.
Neutral,Standard experience.
Neutral,Meets basic expectations.
Neutral,"It's okay, nothing special."
Negative,Not worth the money.
Negative,Terrible performance.
Positive,Very satisfied with the purchase.
Positive,Very satisfied with the purchase.
Neutral,"It's okay, nothing special."
Positive,Happy with the experience.
Neutral,It's acceptable.
Negative,Terrible performance.
Negative,Worst experience ever.
Positive,Totally worth it!
Positive,Very satisfied with the purchase.
Positive,I love this product!
Positive,Highly recommended.
Positive,Absolutely amazing service.
Positive,This made my day!
Positive,Very satisfied with the purchase.
Positive,Absolutely amazing service.
Positive,I love this product!
Neutral,Just fine for everyday use.
Negative,I hate this product.
Positive,I love this product!
Neutral,"It's okay, nothing special."
Negative,Worst experience ever.
Neutral,Does the job.
Neutral,Meets basic expectations.
Negative,Completely useless.
Neutral,"It's okay, nothing special."
Positive,Highly recommended.
Negative,Not worth the money.
Negative,Poor customer service.
Positive,Absolutely amazing service.
Neutral,Average quality.
Negative,Regret buying this.
Neutral,"As expected, no surprises."
Neutral,Average quality.
Positive,This made my day!
Positive,Totally worth it!
Positive,This made my day!
Negative,Completely useless.
Neutral,Does the job.
Positive,Fantastic quality and performance.
Negative,Very bad quality.
Neutral,It's acceptable.
Neutral,Average quality.
Negative,Worst experience ever.
Neutral,Average quality.
Negative,Very bad quality.
Negative,Not worth the money.
Negative,Worst experience ever.
Positive,I love this product!
Neutral,Nothing extraordinary.
Negative,Terrible performance.
Positive,Exceeded my expectations.
Positive,This made my day!
Negative,Poor customer service.
Negative,I hate this product.
Neutral,Average quality.
Negative,Not worth the money.
Negative,Extremely disappointed.
Neutral,It's acceptable.
Negative,Terrible performance.
Neutral,Average quality.
Neutral,Standard experience.
Neutral,Just fine for everyday use.
Neutral,"It's okay, nothing special."
Neutral,Neither good nor bad.
Positive,Absolutely amazing service.
Positive,Exceeded my expectations.
Negative,Extremely disappointed.
Neutral,"As expected, no surprises."
Neutral,Average quality.
Negative,Regret buying this.
Positive,I love this product!
Neutral,Meets basic expectations.
Negative,Extremely disappointed.
Neutral,Average quality.
Neutral,Neither good nor bad.
Positive,Very satisfied with the purchase.
Negative,Poor customer service.
Negative,Completely useless.
Neutral,It's acceptable.
Neutral,"It's okay, nothing special."
Negative,Poor customer service.
Neutral,"It's okay, nothing special."
Neutral,Does the job.
Negative,Poor customer service.
Negative,Worst experience ever.
Neutral,It's acceptable.
Negative,I hate this product.
Negative,Completely useless.
Negative,Not worth the money.
Negative,Poor customer service.
Positive,I love this product!
Negative,Completely useless.
Negative,Won't recommend to anyone.
Negative,Extremely disappointed.
Positive,Happy with the experience.
Negative,Worst experience ever.
Neutral,"It's okay, nothing special."
Negative,Completely useless.
Negative,Not worth the money.
Negative,Very bad quality.
Neutral,Meets basic expectations.
Positive,Great value for money!
Positive,Fantastic quality and performance.
Neutral,Standard experience.
Neutral,Neither good nor bad.
Positive,Great value for money!
Positive,Very satisfied with the purchase.
Negative,Very bad quality.
Neutral,"It's okay, nothing special."
Neutral,Does the job.
Negative,Extremely disappointed.
Neutral,Neither good nor bad.
Positive,This made my day!
Negative,Poor customer service.
Positive,This made my day!
Neutral,Does the job.
Neutral,Standard experience.
Positive,Fantastic quality and performance.
Neutral,Meets basic expectations.
Positive,I love this product!
Positive,Fantastic quality and performance.
Negative,Worst experience ever.
Positive,Great value for money!
Neutral,Just fine for everyday use.
Positive,Great value for money!
Neutral,"It's okay, nothing special."
Negative,Extremely disappointed.
Negative,Terrible performance.
Negative,Extremely disappointed.
Negative,Terrible performance.
Negative,Very bad quality.
Positive,Totally worth it!
Neutral,"It's okay, nothing special."
Negative,Extremely disappointed.
Negative,Terrible performance.
Positive,Totally worth it!
Positive,Absolutely amazing service.
Negative,Worst experience ever.
Positive,Absolutely amazing service.
Neutral,"As expected, no surprises."
Positive,Highly recommended.
Positive,Highly recommended.
Positive,Exceeded my expectations.
Negative,Poor customer service.
Positive,Exceeded my expectations.
Neutral,Just fine for everyday use.
Negative,Won't recommend to anyone.
Positive,Absolutely amazing service.
Positive,This made my day!
Neutral,Just fine for everyday use.
Negative,Not worth the money.
Positive,Happy with the experience.
Neutral,Just fine for everyday use.
Neutral,Meets basic expectations.
Negative,Very bad quality.
Positive,Absolutely amazing service.
Positive,Highly recommended.
Neutral,Average quality.
Negative,Worst experience ever.
Neutral,Neither good nor bad.
Neutral,"It's okay, nothing special."
Neutral,Nothing extraordinary.
Positive,I love this product!
Positive,I love this product!
Positive,Highly recommended.
Positive,Exceeded my expectations.
Positive,Happy with the experience.
Positive,Happy with the experience.
Positive,Happy with the experience.
Positive,Totally worth it!
Negative,Very bad quality.
Negative,Terrible performance.
Positive,Great value for money!
Neutral,Average quality.
Negative,Regret buying this.
Positive,Great value for money!
Neutral,It's acceptable.
Neutral,"As expected, no surprises."
Negative,Poor customer service.
Positive,Very satisfied with the purchase.
Neutral,"As expected, no surprises."
Negative,Worst experience ever.
Neutral,Meets basic expectations.
Negative,Not worth the money.
Negative,Completely useless.
Positive,Totally worth it!
Negative,Poor customer service.
Neutral,"It's okay, nothing special."
Positive,I love this product!
Positive,I love this product!
Positive,Very satisfied with the purchase.
Neutral,Meets basic expectations.
Negative,Not worth the money.
Neutral,"It's okay, nothing special."
Neutral,Standard experience.
Negative,Very bad quality.
Neutral,Just fine for everyday use.
Negative,Poor customer service.
Neutral,Meets basic expectations.
Neutral,Neither good nor bad.
Negative,Won't recommend to anyone.
Positive,I love this product!
Negative,Completely useless.
Neutral,It's acceptable.
Neutral,"It's okay, nothing special."
Neutral,Average quality.
Neutral,Nothing extraordinary.
Neutral,Standard experience.
Positive,Happy with the experience.
Negative,Terrible performance.
Neutral,Neither good nor bad.
Neutral,Nothing extraordinary.
Neutral,Just fine for everyday use.
Positive,Great value for money!
Negative,Regret buying this.
Positive,Fantastic quality and performance.
Positive,Fantastic quality and performance.
Positive,Very satisfied with the purchase.
Negative,Completely useless.
Neutral,Just fine for everyday use.
Negative,Very bad quality.
Neutral,"As expected, no surprises."
Neutral,Just fine for everyday use.
Neutral,Standard experience.
Negative,Very bad quality.
Positive,Absolutely amazing service.
Positive,Happy with the experience.
Positive,Great value for money!
Neutral,Nothing extraordinary.
Positive,Exceeded my expectations.
Negative,Regret buying this.
Neutral,"As expected, no surprises."
Negative,Not worth the money.
Neutral,Average quality.
Neutral,"It's okay, nothing special."
Neutral,Just fine for everyday use.
Negative,Extremely disappointed.
Negative,Regret buying this.
Neutral,"It's okay, nothing special."
Positive,Exceeded my expectations.
Positive,Fantastic quality and performance.
Negative,Terrible performance.
Negative,Completely useless.
Negative,Extremely disappointed.
Neutral,Just fine for everyday use.
Neutral,Neither good nor bad.
Negative,Terrible performance.
Negative,Extremely disappointed.
Neutral,Does the job.
Neutral,"As expected, no surprises."
Positive,This made my day!
Neutral,Neither good nor bad.
Positive,Totally worth it!
Neutral,Does the job.
Negative,Worst experience ever.
Positive,Exceeded my expectations.
Neutral,Meets basic expectations.
Neutral,Meets basic expectations.
Neutral,"As expected, no surprises."
Negative,Won't recommend to anyone.
Positive,I love this product!
Neutral,Meets basic expectations.
Negative,Worst experience ever.
Negative,Won't recommend to anyone.
Negative,Not worth the money.
Neutral,Neither good nor bad.
Neutral,It's acceptable.
Positive,This made my day!
Neutral,Meets basic expectations.
Negative,Not worth the money.
Positive,Great value for money!
Neutral,It's acceptable.
Negative,Not worth the money.
Negative,I hate this product.
Negative,Worst experience ever.
Negative,I hate this product.
Neutral,It's acceptable.
Neutral,"It's okay, nothing special."
Positive,This made my day!
Neutral,Average quality.
Positive,Absolutely amazing service.
Negative,Won't recommend to anyone.
Negative,I hate this product.
Neutral,Just fine for everyday use.
Positive,Exceeded my expectations.
Neutral,Meets basic expectations.
Neutral,It's acceptable.
Neutral,Standard experience.
Negative,I hate this product.
Positive,I love this product!
Neutral,"As expected, no surprises."
Negative,Completely useless.
Negative,Extremely disappointed.
Negative,I hate this product.
Positive,Totally worth it!
Neutral,Neither good nor bad.
Negative,Not worth the money.
Neutral,Neither good nor bad.
Negative,Won't recommend to anyone.
Positive,Exceeded my expectations.
Neutral,"It's okay, nothing special."
Negative,Very bad quality.
Positive,Exceeded my expectations.
Neutral,"It's okay, nothing special."
Negative,Worst experience ever.
Positive,Very satisfied with the purchase.
Neutral,It's acceptable.
Positive,I love this product!
Neutral,Neither good nor bad.
Negative,Extremely disappointed.
Neutral,Does the job.
Neutral,Does the job.
Positive,Exceeded my expectations.
Negative,Completely useless.
Positive,This made my day!
Negative,I hate this product.
Negative,Very bad quality.
Positive,Very satisfied with the purchase.
Positive,Very satisfied with the purchase.
Positive,Fantastic quality and performance.
Neutral,Just fine for everyday use.
Negative,Not worth the money.
Neutral,Nothing extraordinary.
Neutral,Meets basic expectations.
Negative,Poor customer service.
Neutral,Standard experience.
Negative,Won't recommend to anyone.
Negative,Won't recommend to anyone.
Neutral,Meets basic expectations.
Negative,Completely useless.
Negative,Terrible performance.
Positive,This made my day!
Neutral,"As expected, no surprises."
Positive,I love this product!
Neutral,It's acceptable.
Neutral,Average quality.
Neutral,"As expected, no surprises."
Negative,Regret buying this.
Positive,Highly recommended.
Neutral,Average quality.
Positive,Very satisfied with the purchase.
Negative,Poor customer service.
Negative,Very bad quality.
Positive,Exceeded my expectations.
Negative,Not worth the money.
Neutral,Nothing extraordinary.
Negative,Worst experience ever.
Positive,Absolutely amazing service.
Neutral,Neither good nor bad.
Negative,Worst experience ever.
Positive,Great value for money!
Neutral,Standard experience.
Neutral,Neither good nor bad.
Negative,Not worth the money.
Positive,Exceeded my expectations.
Neutral,Does the job.
Negative,Regret buying this.
Neutral,Meets basic expectations.
Positive,Exceeded my expectations.
Neutral,Neither good nor bad.
Neutral,"As expected, no surprises."
Neutral,Meets basic expectations.
Positive,Great value for money!
Negative,Worst experience ever.
Negative,Terrible performance.
Positive,Totally worth it!
Neutral,"As expected, no surprises."
Positive,Fantastic quality and performance.
Negative,Won't recommend to anyone.
Negative,Terrible performance.
Neutral,Standard experience.
Negative,Very bad quality.
Neutral,Just fine for everyday use.
Negative,Regret buying this.
Neutral,Neither good nor bad.
Neutral,Does the job.
Neutral,Standard experience.
Positive,Exceeded my expectations.
Positive,Absolutely amazing service.
Neutral,Just fine for everyday use.
Negative,Not worth the money.
Positive,Absolutely amazing service.
Negative,Poor customer service.
Negative,Terrible performance.
Neutral,Just fine for everyday use.
Negative,Poor customer service.
Positive,Great value for money!
Neutral,Average quality.
Negative,Very bad quality.
Neutral,Meets basic expectations.
Positive,Exceeded my expectations.
Negative,Poor customer service.
Negative,Terrible performance.
Negative,Extremely disappointed.
Neutral,Meets basic expectations.
Negative,Completely useless.
Negative,Regret buying this.
Negative,Regret buying this.
Neutral,Neither good nor bad.
Positive,Happy with the experience.
Positive,Highly recommended.
Negative,I hate this product.
Neutral,Average quality.
Negative,Extremely disappointed.
Negative,Extremely disappointed.
Neutral,It's acceptable.
Negative,Very bad quality.
Neutral,Just fine for everyday use.
Neutral,Meets basic expectations.
Neutral,Neither good nor bad.
Negative,I hate this product.
Positive,Absolutely amazing service.
Neutral,"It's okay, nothing special."
Neutral,Does the job.
Positive,I love this product!
Neutral,Meets basic expectations.
Positive,Fantastic quality and performance.
Neutral,It's acceptable.
Positive,Very satisfied with the purchase.
Negative,Completely useless.
Positive,Great value for money!
Neutral,Neither good nor bad.
Neutral,It's acceptable.
Neutral,Meets basic expectations.
Neutral,"As expected, no surprises."
Negative,Extremely disappointed.
Negative,Terrible performance.
Negative,Extremely disappointed.
Negative,Won't recommend to anyone.
Neutral,Standard experience.
Negative,Worst experience ever.
Neutral,It's acceptable.
Positive,Great value for money!
Positive,This made my day!
Positive,Absolutely amazing service.
Neutral,"It's okay, nothing special."
Positive,Totally worth it!
Neutral,"As expected, no surprises."
Positive,Great value for money!
Negative,Terrible performance.
Neutral,Nothing extraordinary.
Neutral,"It's okay, nothing special."
Positive,Absolutely amazing service.
Neutral,Just fine for everyday use.
Neutral,Neither good nor bad.
Negative,Poor customer service.
Negative,Completely useless.
Neutral,Nothing extraordinary.
Positive,Absolutely amazing service.
Neutral,Standard experience.
Positive,Highly recommended.
Negative,Not worth the money.
Positive,Absolutely amazing service.
Positive,Very satisfied with the purchase.
Negative,Worst experience ever.
Negative,Very bad quality.
Negative,Regret buying this.
Negative,Poor customer service.
Neutral,Standard experience.
Negative,Terrible performance.
Positive,Exceeded my expectations.
Positive,Totally worth it!
Positive,Absolutely amazing service.
Negative,Poor customer service.
Positive,Fantastic quality and performance.
Positive,Exceeded my expectations.
Neutral,Average quality.
Negative,Poor customer service.
Neutral,Does the job.
Neutral,Average quality.
Neutral,Neither good nor bad.
Neutral,"As expected, no surprises."
Neutral,It's acceptable.
Neutral,It's acceptable.
Negative,Won't recommend to anyone.
Negative,Very bad quality.
Neutral,Standard experience.
Negative,Regret buying this.
Negative,Worst experience ever.
Positive,Very satisfied with the purchase.
Negative,I hate this product.
Positive,Highly recommended.
Neutral,"As expected, no surprises."
Neutral,Average quality.
Positive,This made my day!
Neutral,Meets basic expectations.
Neutral,Neither good nor bad.
Negative,Not worth the money.
Negative,Poor customer service.
Negative,Won't recommend to anyone.
Negative,Worst experience ever.
Positive,Absolutely amazing service.
Positive,Happy with the experience.
Neutral,It's acceptable.
Positive,Highly recommended.
Negative,Extremely disappointed.
Positive,Highly recommended.
Neutral,Nothing extraordinary.
Neutral,"It's okay, nothing special."
Negative,Worst experience ever.
Negative,Very bad quality.
Neutral,Meets basic expectations.
Positive,Exceeded my expectations.
Negative,Terrible performance.
Negative,Completely useless.
Positive,Great value for money!
Negative,Regret buying this.
Neutral,"As expected, no surprises."
Positive,Great value for money!
Negative,Regret buying this.
Negative,Not worth the money.
Neutral,Does the job.
Positive,Absolutely amazing service.
Neutral,"It's okay, nothing special."
Positive,Great value for money!
Positive,Very satisfied with the purchase.
Positive,Very satisfied with the purchase.
Positive,Happy with the experience.
Neutral,Meets basic expectations.
Negative,Not worth the money.
Neutral,Just fine for everyday use.
Positive,Highly recommended.
Neutral,Standard experience.
Neutral,It's acceptable.
Negative,Regret buying this.
Negative,Worst experience ever.
Negative,Worst experience ever.
Negative,Poor customer service.
Neutral,Does the job.
Negative,I hate this product.
Positive,This made my day!
Negative,Terrible performance.
Negative,Poor customer service.
Negative,Extremely disappointed.
Negative,Extremely disappointed.
Negative,Very bad quality.
Negative,Completely useless.
Neutral,Meets basic expectations.
Neutral,Standard experience.
Positive,Highly recommended.
Positive,Happy with the experience.
Positive,I love this product!
Positive,Very satisfied with the purchase.
Positive,Happy with the experience.
Positive,Exceeded my expectations.
Positive,Great value for money!
Neutral,Nothing extraordinary.
Neutral,Meets basic expectations.
Positive,This made my day!
Negative,Not worth the money.
Positive,Totally worth it!
Negative,Regret buying this.
Positive,Fantastic quality and performance.
Neutral,Does the job.
Negative,Poor customer service.
Negative,Terrible performance.
Neutral,Nothing extraordinary.
Positive,Great value for money!
Neutral,Standard experience.
Negative,Completely useless.
Positive,Very satisfied with the purchase.
Positive,Happy with the experience.
Neutral,Neither good nor bad.
Positive,Very satisfied with the purchase.
Neutral,Nothing extraordinary.
Positive,I love this product!
Positive,I love this product!
Negative,Poor customer service.
Positive,I love this product!
Negative,Not worth the money.
Negative,Very bad quality.
Positive,Absolutely amazing service.
Neutral,"It's okay, nothing special."
Positive,Highly recommended.
Neutral,"It's okay, nothing special."
Negative,Worst experience ever.
Positive,Exceeded my expectations.
Positive,Great value for money!
Positive,I love this product!
Positive,Great value for money!
Negative,Extremely disappointed.
Negative,I hate this product.
Negative,Very bad quality.
Neutral,Nothing extraordinary.
Negative,Poor customer service.
Positive,Absolutely amazing service.
Negative,Extremely disappointed.
Negative,Very bad quality.
Negative,Extremely disappointed.
Positive,Very satisfied with the purchase.
Negative,Poor customer service.
Positive,Totally worth it!
Negative,Extremely disappointed.
Positive,Exceeded my expectations.
Positive,Very satisfied with the purchase.
Neutral,Meets basic expectations.
Neutral,"It's okay, nothing special."
Neutral,Nothing extraordinary.
Negative,Very bad quality.
Neutral,"It's okay, nothing special."
Positive,Happy with the experience.
Positive,Very satisfied with the purchase.
Negative,Very bad quality.
Negative,Not worth the money.
Negative,Not worth the money.
Positive,Very satisfied with the purchase.
Negative,Poor customer service.
Neutral,Does the job.
Positive,Very satisfied with the purchase.
Neutral,"It's okay, nothing special."
Neutral,Average quality.
Neutral,It's acceptable.
Neutral,Meets basic expectations.
Positive,Highly recommended.
Negative,Worst experience ever.
Neutral,"As expected, no surprises."
Negative,Worst experience ever.
Neutral,"It's okay, nothing special."
Neutral,Neither good nor bad.
Negative,Completely useless.
Negative,Won't recommend to anyone.
Negative,I hate this product.
Neutral,Standard experience.
Positive,This made my day!
Neutral,Neither good nor bad.
Positive,Fantastic quality and performance.
Neutral,It's acceptable.
Negative,Extremely disappointed.
Positive,Great value for money!
Negative,Extremely disappointed.
Neutral,Meets basic expectations.
Positive,Highly recommended.
Negative,Completely useless.
Positive,Fantastic quality and performance.
Negative,Regret buying this.
Neutral,Just fine for everyday use.
Neutral,Just fine for everyday use.
Neutral,Just fine for everyday use.
Neutral,Standard experience.
Negative,Worst experience ever.
Negative,Regret buying this.
Negative,Worst experience ever.
Neutral,"As expected, no surprises."
Neutral,Meets basic expectations.
Negative,Terrible performance.
Negative,Terrible performance.
Neutral,Nothing extraordinary.
Negative,Won't recommend to anyone.
Negative,Extremely disappointed.
Positive,Very satisfied with the purchase.
Negative,Regret buying this.
Positive,This made my day!
Positive,Highly recommended.
Negative,Regret buying this.
Positive,I love this product!
Positive,Happy with the experience.
Positive,Exceeded my expectations.
Neutral,"As expected, no surprises."
Negative,Extremely disappointed.
Neutral,"As expected, no surprises."
Negative,Poor customer service.
Neutral,Just fine for everyday use.
Neutral,Just fine for everyday use.
Positive,Great value for money!
Positive,Fantastic quality and performance.
Negative,Regret buying this.
Positive,I love this product!
Positive,This made my day!
Positive,Very satisfied with the purchase.
Neutral,It's acceptable.
Negative,Completely useless.
Neutral,"As expected, no surprises."
Neutral,Does the job.
Positive,Highly recommended.
Negative,Regret buying this.
Neutral,Meets basic expectations.
Positive,Very satisfied with the purchase.
Neutral,Just fine for everyday use.
Positive,Totally worth it!
Neutral,Standard experience.
Neutral,Does the job.
Positive,I love this product!
Negative,Poor customer service.
Positive,Absolutely amazing service.
Negative,Won't recommend to anyone.
Neutral,Does the job.
Positive,Exceeded my expectations.
Negative,Extremely disappointed.
Negative,Completely useless.
Positive,This made my day!
Positive,I love this product!
Neutral,Does the job.
Positive,Fantastic quality and performance.
Positive,Happy with the experience.
Positive,Highly recommended.
Positive,I love this product!
Positive,Happy with the experience.
Positive,Absolutely amazing service.
Neutral,Does the job.
Negative,Poor customer service.
Negative,Completely useless.
Negative,Very bad quality.
Negative,Completely useless.
Neutral,Neither good nor bad.
Positive,Exceeded my expectations.
Negative,Won't recommend to anyone.
Neutral,"As expected, no surprises."
Neutral,Nothing extraordinary.
Positive,Absolutely amazing service.
Positive,I love this product!
Positive,Totally worth it!
Negative,Very bad quality.
Negative,I hate this product.
Negative,Not worth the money.
Neutral,"As expected, no surprises."
Positive,Very satisfied with the purchase.
Negative,Completely useless.
Neutral,Average quality.
Neutral,Standard experience.
Negative,Extremely disappointed.
Neutral,Does the job.
Neutral,Neither good nor bad.
Neutral,Just fine for everyday use.
Positive,Highly recommended.
Neutral,Nothing extraordinary.
Neutral,It's acceptable.
Negative,Extremely disappointed.
Positive,This made my day!
Neutral,Meets basic expectations.
Neutral,It's acceptable.
Positive,Happy with the experience.
Positive,Totally worth it!
Neutral,Just fine for everyday use.
Positive,I love this product!
Positive,Highly recommended.
Positive,Exceeded my expectations.
Positive,I love this product!
Negative,Terrible performance.
Positive,This made my day!
Neutral,Neither good nor bad.
Neutral,Standard experience.
Positive,Happy with the experience.
Positive,Fantastic quality and performance.
Positive,This made my day!
Neutral,"As expected, no surprises."
Neutral,Average quality.
Negative,Regret buying this.
Neutral,Does the job.
Neutral,Neither good nor bad.
Negative,Worst experience ever.
Neutral,Average quality.
Positive,Highly recommended.
Positive,I love this product!
Negative,Worst experience ever.
Positive,This made my day!
Neutral,"It's okay, nothing special."
Neutral,Average quality.
Positive,Very satisfied with the purchase.
Neutral,Just fine for everyday use.
Negative,Completely useless.
Positive,I love this product!
Negative,Completely useless.
Positive,Very satisfied with the purchase.
Positive,Highly recommended.
Negative,Completely useless.
Positive,I love this product!
Positive,Great value for money!
Negative,Extremely disappointed.
Negative,I hate this product.
Negative,Terrible performance.
Neutral,"It's okay, nothing special."
Positive,Happy with the experience.
Negative,Completely useless.
Negative,Completely useless.
Positive,Exceeded my expectations.
Neutral,Does the job.
Positive,Great value for money!
Neutral,Standard experience.
Negative,Poor customer service.
Neutral,Neither good nor bad.
Negative,Extremely disappointed.
Neutral,Standard experience.
Positive,Totally worth it!
Negative,Extremely disappointed.
Neutral,Meets basic expectations.
Neutral,"It's okay, nothing special."
Neutral,Does the job.
Positive,Absolutely amazing service.
Positive,I love this product!
Positive,Happy with the experience.
Positive,Great value for money!
Positive,Fantastic quality and performance.
Neutral,Just fine for everyday use.
Negative,Worst experience ever.
Positive,Very satisfied with the purchase.
Negative,Very bad quality.
Negative,Regret buying this.
Negative,Poor customer service.
Positive,Very satisfied with the purchase.
Negative,I hate this product.
Positive,Exceeded my expectations.
Neutral,"As expected, no surprises."
Negative,I hate this product.
Negative,Extremely disappointed.
Neutral,Standard experience.
Neutral,It's acceptable.
Positive,Absolutely amazing service.
Positive,This made my day!
Neutral,It's acceptable.
Negative,Poor customer service.
Negative,Extremely disappointed.
Neutral,"It's okay, nothing special."
Negative,Very bad quality.
Positive,I love this product!
Positive,Exceeded my expectations.
Neutral,Does the job.
Negative,Regret buying this.
Positive,Totally worth it!
Negative,Extremely disappointed.
Negative,Terrible performance.
Neutral,Average quality.
Positive,Highly recommended.
Neutral,Nothing extraordinary.
Positive,Very satisfied with the purchase.
Positive,Absolutely amazing service.
Negative,Extremely disappointed.
Neutral,Nothing extraordinary.
Neutral,Does the job.
Neutral,"It's okay, nothing special."
Neutral,"It's okay, nothing special."
Positive,Very satisfied with the purchase.
Positive,I love this product!
Positive,Very satisfied with the purchase.
Neutral,Nothing extraordinary.
Negative,Terrible performance.
Positive,Happy with the experience.
Negative,Very bad quality.
Positive,Great value for money!
Negative,Poor customer service.
Neutral,Just fine for everyday use.
Positive,Totally worth it!
Negative,Not worth the money.
Neutral,Standard experience.
Neutral,"As expected, no surprises."
Positive,Fantastic quality and performance.
Positive,This made my day!
Negative,Terrible performance.
Negative,Poor customer service.
Negative,Terrible performance.
Neutral,Average quality.
Positive,Fantastic quality and performance.
Neutral,It's acceptable.
Negative,Poor customer service.
Neutral,Meets basic expectations.
Negative,Won't recommend to anyone.
Positive,Exceeded my expectations.
Negative,Very bad quality.
Negative,Poor customer service.
Neutral,Nothing extraordinary.
Positive,Totally worth it!
Positive,Totally worth it!
Negative,Won't recommend to anyone.
Positive,Absolutely amazing service.
Negative,Very bad quality.
Negative,Worst experience ever.
Neutral,"It's okay, nothing special."
Neutral,"As expected, no surprises."
Neutral,"As expected, no surprises."
Positive,Highly recommended.
Neutral,Neither good nor bad.
Negative,Terrible performance.
Positive,I love this product!
Neutral,Meets basic expectations.
Negative,Worst experience ever.
Positive,Happy with the experience.
Negative,Worst experience ever.
Positive,Fantastic quality and performance.
Negative,Not worth the money.
Positive,Exceeded my expectations.
Negative,Terrible performance.
Positive,This made my day!
Positive,I love this product!
Positive,Very satisfied with the purchase.
Negative,Very bad quality.
Negative,Won't recommend to anyone.
Positive,Fantastic quality and performance.
Positive,Totally worth it!
Neutral,"As expected, no surprises."
Negative,I hate this product.
Negative,Very bad quality.
Neutral,Nothing extraordinary.
Positive,Happy with the experience.
Positive,Happy with the experience.
Positive,I love this product!
Negative,Very bad quality.
Positive,Exceeded my expectations.
Neutral,Just fine for everyday use.
Positive,I love this product!
Positive,Very satisfied with the purchase.
Neutral,Average quality.
Neutral,Average quality.
Positive,Very satisfied with the purchase.
Positive,Great value for money!
Negative,Won't recommend to anyone.
Positive,Great value for money!
Positive,This made my day!
Neutral,Meets basic expectations.
Positive,Fantastic quality and performance.
Neutral,Average quality.
Neutral,It's acceptable.
Neutral,It's acceptable.
Positive,This made my day!
Neutral,Average quality.
Neutral,"As expected, no surprises."
Neutral,It's acceptable.
Neutral,"It's okay, nothing special."
Neutral,Just fine for everyday use.
Positive,Happy with the experience.
Positive,I love this product!
Neutral,Average quality.
Negative,Not worth the money.
Negative,Completely useless.
Negative,Poor customer service.
Neutral,Just fine for everyday use.
Neutral,Neither good nor bad.
Negative,Worst experience ever.
Negative,Extremely disappointed.
Neutral,Just fine for everyday use.
Positive,I love this product!
Neutral,Average quality.
Neutral,"As expected, no surprises."
Positive,Absolutely amazing service.
Negative,Regret buying this.
Positive,Highly recommended.
Negative,Poor customer service.
Negative,Terrible performance.
Negative,Extremely disappointed.
Positive,Absolutely amazing service.
Neutral,Does the job.
Negative,Poor customer service.
Positive,This made my day!
Positive,Totally worth it!
Negative,Terrible performance.
Positive,Totally worth it!
Neutral,Standard experience.
Neutral,It's acceptable.
Neutral,Neither good nor bad.
Positive,Very satisfied with the purchase.
Positive,Very satisfied with the purchase.
Neutral,Meets basic expectations.
Neutral,Does the job.
Positive,Happy with the experience.
Negative,Completely useless.
Neutral,Just fine for everyday use.
Positive,Fantastic quality and performance.
Positive,I love this product!
Positive,This made my day!
Positive,I love this product!
Neutral,"It's okay, nothing special."
Neutral,Nothing extraordinary.
Positive,Great value for money!
Neutral,Does the job.
Negative,I hate this product.
Neutral,Standard experience.
Negative,Won't recommend to anyone.
Positive,Exceeded my expectations.
Positive,Exceeded my expectations.
Neutral,"It's okay, nothing special."
Neutral,It's acceptable.
Negative,Extremely disappointed.
Neutral,Neither good nor bad.
Neutral,"As expected, no surprises."
Positive,Totally worth it!
Positive,Exceeded my expectations.
Negative,Completely useless.
Positive,Highly recommended.
Negative,Extremely disappointed.
Positive,Highly recommended.
Negative,Completely useless.
Negative,Regret buying this.
Neutral,Neither good nor bad.
Negative,Won't recommend to anyone.
Positive,Great value for money!
Positive,Highly recommended.
Neutral,Standard experience.
Positive,Absolutely amazing service.
Positive,I love this product!
Positive,Totally worth it!
Negative,Worst experience ever.
Positive,Fantastic quality and performance.
Positive,Exceeded my expectations.
Positive,Totally worth it!
Neutral,Neither good nor bad.
Positive,Happy with the experience.
Negative,Extremely disappointed.
Negative,Poor customer service.
Neutral,Average quality.
Positive,Absolutely amazing service.
Negative,Worst experience ever.
Negative,Terrible performance.
Negative,Very bad quality.
Negative,Worst experience ever.
Neutral,"It's okay, nothing special."
Neutral,Neither good nor bad.
Positive,Happy with the experience.
Neutral,Neither good nor bad.
Neutral,Nothing extraordinary.
Positive,Great value for money!
Positive,Happy with the experience.
Negative,Completely useless.
Negative,Won't recommend to anyone.
Negative,Won't recommend to anyone.
Neutral,Nothing extraordinary.
Neutral,Nothing extraordinary.
Positive,I love this product!
Positive,Happy with the experience.
Positive,Highly recommended.
Negative,Terrible performance.
Negative,Not worth the money.
Positive,Great value for money!
Negative,Worst experience ever.
Positive,Highly recommended.
Positive,Fantastic quality and performance.
Positive,I love this product!
Negative,Terrible performance.
Neutral,Standard experience.
Positive,Exceeded my expectations.
Neutral,Average quality.
Negative,Regret buying this.
Neutral,Nothing extraordinary.
Negative,Won't recommend to anyone.
Negative,Extremely disappointed.
Positive,Great value for money!
Positive,Fantastic quality and performance.
Neutral,Standard experience.
Positive,Happy with the experience.
Neutral,Nothing extraordinary.
Negative,Completely useless.
Positive,Great value for money!
Neutral,Does the job.
Negative,Completely useless.
Negative,Regret buying this.
Neutral,Standard experience.
Neutral,Standard experience.
Neutral,Neither good nor bad.
Neutral,"It's okay, nothing special."
Positive,I love this product!
Negative,Terrible performance.
Positive,Very satisfied with the purchase.
Neutral,It's acceptable.
Positive,Highly recommended.
Neutral,Average quality.
Neutral,Standard experience.
Positive,Highly recommended.
Negative,I hate this product.
Neutral,"As expected, no surprises."
Negative,Not worth the money.
Positive,Totally worth it!
Neutral,Just fine for everyday use.
Positive,Great value for money!
Neutral,Neither good nor bad.
Negative,Not worth the money.
Neutral,Just fine for everyday use.
Positive,Happy with the experience.
Negative,Completely useless.
Neutral,Just fine for everyday use.
Negative,Won't recommend to anyone.
Positive,Exceeded my expectations.
Positive,This made my day!
Negative,Worst experience ever.
Positive,Absolutely amazing service.
Positive,Highly recommended.
Negative,Completely useless.
Negative,I hate this product.
Positive,Happy with the experience.
Positive,Absolutely amazing service.
Positive,Totally worth it!
Positive,Fantastic quality and performance.
Neutral,Standard experience.
Negative,Completely useless.
Neutral,Standard experience.
Negative,Poor customer service.
Neutral,Meets basic expectations.
Negative,Extremely disappointed.
Positive,Great value for money!
Positive,This made my day!
Positive,Happy with the experience.
Neutral,It's acceptable.
Neutral,It's acceptable.
Neutral,Does the job.
Negative,Completely useless.
Negative,Poor customer service.
Negative,Terrible performance.
Negative,Regret buying this.
Positive,Very satisfied with the purchase.
Neutral,Does the job.
Positive,I love this product!
Positive,Absolutely amazing service.
Negative,Extremely disappointed.
Negative,Regret buying this.
Negative,I hate this product.
Negative,I hate this product.
Negative,Terrible performance.
Negative,I hate this product.
Neutral,Meets basic expectations.
Negative,Poor customer service.
Positive,Exceeded my expectations.
Negative,Poor customer service.
Neutral,It's acceptable.
Neutral,Nothing extraordinary.
Neutral,"As expected, no surprises."
Positive,Totally worth it!
Neutral,"It's okay, nothing special."
Positive,Exceeded my expectations.
Negative,I hate this product.
Neutral,Standard experience.
Neutral,Nothing extraordinary.
Positive,This made my day!
Neutral,It's acceptable.
Positive,Totally worth it!
Neutral,"As expected, no surprises."
Positive,I love this product!
Negative,I hate this product.
Negative,Regret buying this.
Negative,Regret buying this.
Positive,Fantastic quality and performance.
Positive,Happy with the experience.
Neutral,Neither good nor bad.
Positive,Totally worth it!
Neutral,It's acceptable.
Positive,I love this product!
Negative,Regret buying this.
Neutral,Nothing extraordinary.
Negative,Poor customer service.
Positive,Fantastic quality and performance.
Positive,Highly recommended.
Negative,Worst experience ever.
Positive,This made my day!
Negative,Completely useless.
Positive,Highly recommended.
Negative,Extremely disappointed.
Negative,I hate this product.
Negative,Completely useless.
Negative,Completely useless.
Negative,Regret buying this.
Negative,Regret buying this.
Positive,Happy with the experience.
Positive,Very satisfied with the purchase.
Positive,Great value for money!
Neutral,Average quality.
Negative,Regret buying this.
Neutral,Neither good nor bad.
Neutral,Standard experience.
Neutral,Nothing extraordinary.
Neutral,It's acceptable.
Positive,Happy with the experience.
Negative,Won't recommend to anyone.
Positive,Fantastic quality and performance.
Positive,Fantastic quality and performance.
Positive,Happy with the experience.
Negative,Won't recommend to anyone.
Neutral,Just fine for everyday use.
Neutral,Standard experience.
Neutral,"As expected, no surprises."
Neutral,Neither good nor bad.
Positive,I love this product!
Neutral,Standard experience.
Negative,Extremely disappointed.
Neutral,"It's okay, nothing special."
Negative,Won't recommend to anyone.
Negative,Very bad quality.
Neutral,Neither good nor bad.
Positive,Fantastic quality and performance.
Positive,Absolutely amazing service.
Positive,Exceeded my expectations.
Negative,Terrible performance.
Positive,Great value for money!
Negative,Very bad quality.
Negative,Worst experience ever.
Positive,I love this product!
Neutral,Meets basic expectations.
Negative,Completely useless.
Negative,Regret buying this.
Neutral,"As expected, no surprises."
Positive,Highly recommended.
Positive,I love this product!
Negative,Terrible performance.
Negative,Regret buying this.
Positive,Highly recommended.
Neutral,Just fine for everyday use.
Positive,I love this product!
Neutral,Just fine for everyday use.
Negative,Terrible performance.
Negative,Regret buying this.
Neutral,Does the job.
Negative,Regret buying this.
Neutral,"It's okay, nothing special."
Positive,Great value for money!
Neutral,Just fine for everyday use.
Positive,This made my day!
Negative,Not worth the money.
Negative,Poor customer service.
Negative,Worst experience ever.
Positive,I love this product!
Negative,Completely useless.
Positive,Fantastic quality and performance.
Positive,Absolutely amazing service.
Positive,Happy with the experience.
Neutral,Does the job.
Negative,Terrible performance.
Neutral,"It's okay, nothing special."
Neutral,Neither good nor bad.
Positive,Great value for money!
Negative,Extremely disappointed.
Neutral,Average quality.
Neutral,Just fine for everyday use.
Negative,Won't recommend to anyone.
Neutral,"As expected, no surprises."
Positive,Very satisfied with the purchase.
Positive,Absolutely amazing service.
Neutral,"As expected, no surprises."
Positive,This made my day!
Negative,Very bad quality.
Negative,Very bad quality.
Neutral,Meets basic expectations.
Positive,This made my day!
Neutral,Average quality.
Negative,Poor customer service.
Negative,Worst experience ever.
Neutral,Just fine for everyday use.
Positive,This made my day!
Positive,Happy with the experience.
Negative,Won't recommend to anyone.
Negative,Poor customer service.
Negative,Extremely disappointed.
Neutral,Average quality.
Positive,Exceeded my expectations.
Neutral,Neither good nor bad.
Negative,I hate this product.
Neutral,Meets basic expectations.
Positive,I love this product!
Negative,Completely useless.
Positive,Absolutely amazing service.
Neutral,"It's okay, nothing special."
Positive,Fantastic quality and performance.
Negative,Regret buying this.
Neutral,Meets basic expectations.
Negative,Poor customer service.
Negative,Extremely disappointed.
Negative,I hate this product.
Positive,Absolutely amazing service.
Negative,Not worth the money.
Negative,Regret buying this.
Negative,Completely useless.
Positive,Happy with the experience.
Positive,Absolutely amazing service.
Negative,Won't recommend to anyone.
Positive,Absolutely amazing service.
Negative,Terrible performance.
Positive,Happy with the experience.
Negative,Very bad quality.
Positive,Absolutely amazing service.
Positive,I love this product!
Positive,Fantastic quality and performance.
Negative,Not worth the money.
Neutral,Meets basic expectations.
Neutral,Meets basic expectations.
Positive,Absolutely amazing service.
Neutral,Average quality.
Negative,Extremely disappointed.
Positive,Great value for money!
Neutral,Just fine for everyday use.
Positive,Fantastic quality and performance.
Neutral,It's acceptable.
Positive,This made my day!
Neutral,"It's okay, nothing special."
Positive,Highly recommended.
Positive,Exceeded my expectations.
Neutral,Average quality.
Positive,Very satisfied with the purchase.
Positive,Highly recommended.
Neutral,Neither good nor bad.
Positive,Totally worth it!
Negative,Worst experience ever.
Positive,Totally worth it!
Neutral,Just fine for everyday use.
Positive,Absolutely amazing service.
Negative,Poor customer service.
Neutral,Average quality.
Neutral,Just fine for everyday use.
Positive,Absolutely amazing service.
Negative,Poor customer service.
Neutral,Just fine for everyday use.
Positive,Totally worth it!
Neutral,Does the job.
Neutral,It's acceptable.
Neutral,Does the job.
Neutral,Average quality.
Negative,Regret buying this.
Positive,This made my day!
Negative,Won't recommend to anyone.
Negative,Poor customer service.
Negative,Won't recommend to anyone.
Negative,Not worth the money.
Positive,Happy with the experience.
Positive,Great value for money!
Positive,Totally worth it!
Negative,Very bad quality.
Neutral,"It's okay, nothing special."
Positive,Exceeded my expectations.
Positive,Happy with the experience.
Negative,Poor customer service.
Neutral,"It's okay, nothing special."
Neutral,Nothing extraordinary.
Positive,Happy with the experience.
Positive,Very satisfied with the purchase.
Positive,Very satisfied with the purchase.
Negative,Regret buying this.
Positive,I love this product!
Negative,Completely useless.
Positive,This made my day!
Neutral,Meets basic expectations.
Negative,Terrible performance.
Negative,Completely useless.
Negative,Completely useless.
Negative,Poor customer service.
Neutral,"It's okay, nothing special."
Negative,Completely useless.
Negative,Very bad quality.
Neutral,Standard experience.
Negative,Extremely disappointed.
Positive,This made my day!
Positive,Very satisfied with the purchase.
Positive,Great value for money!
Neutral,"It's okay, nothing special."
Neutral,Average quality.
Negative,Regret buying this.
Positive,I love this product!
Positive,This made my day!
Negative,Not worth the money.
Neutral,Just fine for everyday use.
Neutral,Just fine for everyday use.
Negative,Regret buying this.
Positive,Absolutely amazing service.
Neutral,"As expected, no surprises."
Negative,Extremely disappointed.
Positive,Fantastic quality and performance.
Neutral,"As expected, no surprises."
Negative,Extremely disappointed.
Negative,Extremely disappointed.
Positive,Highly recommended.
Positive,Fantastic quality and performance.
Neutral,Average quality.
Neutral,Meets basic expectations.
Positive,Totally worth it!
Neutral,Meets basic expectations.
Neutral,"It's okay, nothing special."
Neutral,Standard experience.
Positive,Absolutely amazing service.
Negative,Extremely disappointed.
Neutral,It's acceptable.
Neutral,Neither good nor bad.
Neutral,"It's okay, nothing special."
Negative,Very bad quality.
Negative,I hate this product.
Neutral,Does the job.
Neutral,Neither good nor bad.
Negative,Worst experience ever.
Negative,Not worth the money.
Negative,Regret buying this.
Positive,Very satisfied with the purchase.
Positive,Absolutely amazing service.
Neutral,Just fine for everyday use.
Positive,Highly recommended.
Negative,Extremely disappointed.
Negative,Regret buying this.
Negative,Terrible performance.
Positive,Totally worth it!
Neutral,Does the job.
Neutral,Just fine for everyday use.
Positive,Great value for money!
Positive,Great value for money!
Positive,Great value for money!
Negative,Not worth the money.
Neutral,Does the job.
Negative,Very bad quality.
Negative,Very bad quality.
Neutral,Nothing extraordinary.
Neutral,Standard experience.
Neutral,"As expected, no surprises."
Positive,I love this product!
Neutral,"It's okay, nothing special."
Neutral,Just fine for everyday use.
Positive,Exceeded my expectations.
Negative,Worst experience ever.
Negative,Won't recommend to anyone.
Neutral,"As expected, no surprises."
Negative,Terrible performance.
Positive,Great value for money!
Positive,Exceeded my expectations.
Positive,Happy with the experience.
Neutral,Neither good nor bad.
Negative,Poor customer service.
Negative,Very bad quality.
Neutral,"As expected, no surprises."
Neutral,Neither good nor bad.
Neutral,Standard experience.
Positive,I love this product!
Positive,Happy with the experience.
Neutral,Meets basic expectations.
Positive,Very satisfied with the purchase.
Negative,Terrible performance.
Neutral,Standard experience.
Negative,Very bad quality.
Neutral,Standard experience.
Neutral,Just fine for everyday use.
Neutral,"As expected, no surprises."
Neutral,Standard experience.
Neutral,Neither good nor bad.
Neutral,It's acceptable.
Positive,Great value for money!
Neutral,"It's okay, nothing special."
Positive,Highly recommended.
Neutral,Average quality.
Neutral,It's acceptable.
Neutral,"It's okay, nothing special."
Negative,Extremely disappointed.
Negative,Extremely disappointed.
Negative,Extremely disappointed.
Negative,Completely useless.
Positive,Fantastic quality and performance.
Neutral,"As expected, no surprises."
Neutral,Meets basic expectations.
Negative,Very bad quality.
Positive,This made my day!
Negative,Won't recommend to anyone.
Negative,Poor customer service.
Negative,Poor customer service.
Positive,Totally worth it!
Positive,Highly recommended.
Negative,Very bad quality.
Negative,Poor customer service.
Positive,Fantastic quality and performance.
Negative,Completely useless.
Positive,Happy with the experience.
Negative,Regret buying this.
Neutral,Neither good nor bad.
Neutral,Neither good nor bad.
Neutral,It's acceptable.
Positive,Totally worth it!
Negative,Terrible performance.
Neutral,It's acceptable.
Negative,I hate this product.
Positive,Great value for money!
Neutral,Neither good nor bad.
Neutral,Does the job.
Positive,This made my day!
Positive,Highly recommended.
Neutral,"As expected, no surprises."
Neutral,Just fine for everyday use.
Positive,Fantastic quality and performance.
Neutral,Neither good nor bad.
Negative,Poor customer service.
Neutral,Standard experience.
Positive,Highly recommended.
Negative,Won't recommend to anyone.
Negative,Not worth the money.
Negative,I hate this product.
Negative,Extremely disappointed.
Neutral,Neither good nor bad.
Negative,Not worth the money.
Positive,I love this product!
Positive,Exceeded my expectations.
Positive,Fantastic quality and performance.
Positive,I love this product!
