text,Polarity,Sentiment
"I love this product, it works great!",-1,Negative ğŸ˜¢
This is the worst experience I have had.,-1,Negative ğŸ˜¢
"Absolutely amazing quality, exceeded my expectations!",1,Positive ğŸ˜Š
The product stopped working after one week.,-1,Negative ğŸ˜¢
"Not bad, but could be better for the price.",-1,Negative ğŸ˜¢
I am extremely happy with the service.,-1,Negative ğŸ˜¢
Terrible customer support. Very disappointed.,-1,Negative ğŸ˜¢
The item arrived on time and was as described.,-1,Negative ğŸ˜¢
"Horrible experience, would not recommend to anyone.",-1,Negative ğŸ˜¢
Fantastic value for money. I'm very satisfied!,-1,Negative ğŸ˜¢
"The packaging was damaged, but the product is good.",-1,Negative ğŸ˜¢
"Worst purchase I ever made, such a waste of money.",-1,Negative ğŸ˜¢
Exceptional service and a high-quality product.,-1,Negative ğŸ˜¢
The delivery was delayed by over a week. Very frustrating.,-1,Negative ğŸ˜¢
Good quality but overpriced for what it offers.,-1,Negative ğŸ˜¢
"I had a wonderful shopping experience, thank you!",-1,Negative ğŸ˜¢
The customer service was unhelpful and rude.,-1,Negative ğŸ˜¢
This product has exceeded all my expectations. Great job!,-1,Negative ğŸ˜¢
The item broke after just a few uses. Poor quality.,-1,Negative ğŸ˜¢
I can't believe how amazing this product is!,1,Positive ğŸ˜Š
"The product is okay, but not as described.",-1,Negative ğŸ˜¢
Very happy with my purchase. Will recommend to friends.,-1,Negative ğŸ˜¢
Terrible! I regret buying this product.,-1,Negative ğŸ˜¢
Superb experience! Fast delivery and excellent product.,-1,Negative ğŸ˜¢
Disappointed with the build quality. It feels cheap.,-1,Negative ğŸ˜¢
I absolutely love it! Worth every penny.,-1,Negative ğŸ˜¢
Awful experience overall. Do not waste your money.,-1,Negative ğŸ˜¢
This is the best purchase I've made all year.,-1,Negative ğŸ˜¢
Customer support resolved my issue quickly. Very satisfied.,-1,Negative ğŸ˜¢
"The product is fantastic, but shipping took too long.",-1,Negative ğŸ˜¢
It's a mediocre product. Nothing special.,-1,Negative ğŸ˜¢
"Perfect product, excellent value for the price.",-1,Negative ğŸ˜¢
The app crashed repeatedly. Not usable at all.,-1,Negative ğŸ˜¢
Wonderful product and top-notch service!,-1,Negative ğŸ˜¢
I am very disappointed. Expected better quality.,-1,Negative ğŸ˜¢
"The quality is excellent, and it works perfectly.",-1,Negative ğŸ˜¢
I'm extremely unhappy with this product. A big letdown.,-1,Negative ğŸ˜¢
It's an average product with nothing unique.,-1,Negative ğŸ˜¢
I had a great experience with this seller.,-1,Negative ğŸ˜¢
Received a defective product. Very disappointed.,-1,Negative ğŸ˜¢
Amazing product! Iâ€™m totally satisfied with my purchase.,1,Positive ğŸ˜Š
The instructions were unclear and hard to follow.,-1,Negative ğŸ˜¢
Loved it! Works exactly as advertised.,-1,Negative ğŸ˜¢
Would not recommend this to anyone. Total waste of money.,-1,Negative ğŸ˜¢
Product exceeded my expectations. Great quality.,-1,Negative ğŸ˜¢
I am unhappy because the product did not meet expectations.,-1,Negative ğŸ˜¢
Awesome service! Quick response and helpful team.,-1,Negative ğŸ˜¢
This is my favorite purchase so far. Really happy with it.,-1,Negative ğŸ˜¢
